videoId,tags
YCqSHIaeDN0,"['the food ranger', 'dinuguan', 'foreigner dinuguan', 'best dinuguan', 'homemade dinuguan', 'bagoong', 'foreigner tries bagoong', 'bangoong and mango', 'filipino street food', 'Philippines street food', 'pig blood', 'food review', 'best ever food review show', 'sonny side', 'pork organ stew', 'filipino fermented shrimp paste', 'fermented shrimp paste']"
2AxNd7OMtYM,"['the food ranger', 'filipino fiesta', 'philippines fiesta', 'bohol', 'bohol fiesta', 'how to part in the philippines', 'cebu city', 'cebu lechon', 'bohol lechon', 'eel soup', 'adobo', 'foreigner lechon', 'foreigner abodo', 'eating filipino food', 'philippines fiesta food', 'philippines province', 'bohol province', 'party in the philippines', 'filipino party', 'best ever food review show']"
ulPpthq47h8,"['the food ranger', 'jollibee review', 'foreigner tries jollibee', 'american tries jollibee', 'american jollibee review', 'jollibee secret menu', 'jollibee jeepney', 'eating in a jeepney', 'best ever food review show', 'foreigner eats jollibee in a jeepney', 'jollibee', 'jollibee double spicy chicken', 'jollibee spaghetti', 'jollibee rice', 'jollibee sundae', 'jollibee food review', 'white guy tries jollibee', 'douchebag tries jollibee and makes up thing about secret menu for extra clicks', 'sonny side']"
Yh4ykFMnI6I,"['cheno', 'gomez', 'goes', 'travel', 'entertainment', 'vlog', 'vlogger', 'day', 'in', 'the', 'life', 'sydney', 'canberra', 'australia', 'melbourne', 'tour', 'world', 'challenge', 'lifestyle', 'fashion', 'kicks', 'sneaker', 'sneakherhead', 'hype', 'hypebeast', 'minimal', 'adventure', 'explore', 'exploration', 'fame', 'famous', 'jollibee', 'australian', 'philippines', 'aussie', 'boy', 'first', 'time', 'foreigner', 'reaction', 'taste', 'test']"
EbfcJ7StMGw,
07xicLFWPPM,"['amazing barber skills 2018', 'best barber shop in the wolrd', 'foreigner having haircut philippines', 'best hair art design', 'best barber shop in palawan', 'best barber shop in the philippines', 'where to have a haircut in palawan', 'foreigners el nido 2018', 'foreigners coron 2018', 'nightlife in coron palawan 2018', 'foreigners el nido nightlife 2018', 'foreigner trying filipino haircut', 'best filipino barber', 'syrian vlogger philippines']"
dA73Ls8ND_E,"['Gigantes', 'filipino vlog', 'travel couple', 'Iloilo (Administrative Division)', 'Western Visayas (Administrative Division)', 'Carles (City\\/Town\\/Village)', 'gigantes island', 'philippines', 'filipino travel vlog', 'philippines vlog', 'travel philippines', 'best island in the philippines', 'HIDDEN GEM OF THE PHILIPPINES: GIGANTES ISLANDS Iloilo', 'gigantes island iloilo', 'travel vlog', 'lost', 'BAD IDEA EXTREME CAVING AFTER TYPHOON IN THE PHILIPPINES', 'caving', 'cave', 'what to do gigantes', 'caving philippines', 'pierretl']"
MAizx8ST3Bg,
9GOIDeOiNi8,
Cn0kYEMjbEc,"['the food ranger', 'dinuguan', 'foreigner dinuguan', 'best dinuguan', 'homemade dinuguan', 'bagoong', 'foreigner tries bagoong', 'bangoong and mango', 'filipino street food', 'Philippines street food', 'pig blood', 'food review', 'best ever food review show', 'sonny side', 'pork organ stew', 'filipino fermented shrimp paste', 'fermented shrimp paste']"
UK9u72UINQM,
mfRlDcSVGIc,"['interview', 'Filipino', 'travel', 'live', 'real life stories', 'poverty', 'living in the slums', 'Country comparision', 'Australia', 'Australia vs Philippines', 'life', 'culture', 'reality on the internet', 'filipino life', 'raw mango', 'filipino cuisine', 'family']"
lbUkn9jH6rw,"['adobo sandwich', 'pork sisig', 'tocino', 'big boys kainan', 'filipino food', 'philippines', 'filipino food mukbang', 'filam fam vlog', 'fil am fam vlog', 'philippines mukbang', 'adobo', 'ube slider', 'mukbang', 'adobo sandwich reaction', 'gma network', 'abs cbn', 'pinoy', 'fast food', 'jollibee', 'drive thru']"
B8DG_dn1la8,"['the food ranger', 'foreigner try kwek kwek', 'kwek kwek', 'turon', 'chicken balls', 'turon review', 'quiapo market', 'Calamari', 'filipino street food', 'philippines street food', 'Americans try filipino street food', 'veggie ball', 'manila food tour', 'Philippines food tour']"
hXDsYTEVVCw,"['coron palawan 2018', 'ultimate tour coron', 'best island in the world philippines', 'palawan island', 'twin lagoon lake coron', 'kayangan lake coron 2018', 'best hotel in coron 2018', 'coron island hopping', 'best hotel in palawan', 'top tourist destinations coron', 'ship wreck in coron', 'coron town proper', 'foreigners in coron palawan', 'night life in coron palawan', 'el nido island hopping', 'best places to visit in palawan 2018', 'best drone shots in palawan coron el nido puerto princesa']"
IiycnUF3z0M,"['vlog', 'best places to travel', 'best places to travel around the world', 'philippines tourist spots', 'the philippines', 'travel vlog', 'food vlog', 'manila international airport', 'philippines manila city', 'street food', 'vlogs', 'where you go', 'travel', 'philippines street food', 'indonesia movie', 'bali', 'indonesia', 'california love', 'vlogger', 'bali indonesia tourist attractions', 'bali indonesia tourist spots', 'restaurants', 'wil dasovich', 'lost leblanc', 'mazelee', 'itsjudytime', 'mikey chen', 'mark wiens', 'mikey bustos']"
tmMwpjnEtYA,"['Kamayan', 'Filipino food', 'eat with hands', 'new years party', 'new years day', '2018', 'mukbang', 'food', 'lunch', 'family lunch', 'rice', 'lechon', 'mang tomas', 'adobo', 'sinigang', 'banana leaves', 'pork crackling', 'pork ribs', 'boodle fight']"
HWnXId_Zg4k,"['vietnam seafood', 'seafood challenge', 'seafood boat', 'biggest seafood boat', 'seafood feast', 'biggest seafood', 'biggest lobster', 'biggest crab', 'king crab', 'vietnam crab', 'vietnam oc', 'where to eat in ho chi minh city', 'Vietnamese street food', 'vietnamese seafood']"
Qp2q_Zokj10,"['jollibee', 'rice', 'spicy chicken']"
qzqKEeOuubY,"['camping', 'filipino camping', 'adobp', 'marshmellows', 'funny', 'comedy', 'kevin', 'jayron', 'mikko', 'gabe v', 'justin v', 'nhan n', 'funny camping vlog', 'vlog', 'funny camping video', 'video', 'hilarious', 'cool edits']"
Y3IWsr3mq6s,"['the food ranger', 'jollibee review', 'foreigner jollibee', 'foreigner eating jollibee', 'bee suit', 'jollibee bee suit', 'jollibee mascot', 'beekeeping suit', 'best ever food review show', 'saigon jollibee', 'vietnam jollibee', 'jollibee secret menu']"
QH99iJvWkug,"['Kuwait', 'Middleeast', 'Middle East', 'Toddler', 'Toddlers', 'Baby', 'Travel', 'Go Pro', 'GoPro', 'VLOG', 'TravelVideo', 'Adventure', 'Arcesadventures', 'Family', 'FamilyTravel', 'Family Travel', 'Philippines', 'Filipino', 'Foodie', 'American', 'Fil-AM', 'filam', 'Zamboanga', 'BarBque']"
aqyJcps9sA0,"['Gigantes', 'filipino vlog', 'travel couple', 'pierre t. lambert', 'pierretl', 'inspiredbytwelve', 'Iloilo (Administrative Division)', 'Western Visayas (Administrative Division)', 'Carles (City\\/Town\\/Village)', 'gigantes island', 'philippines', 'filipino travel vlog', 'philippines vlog', 'travel philippines', 'best island in the philippines', 'HIDDEN GEM OF THE PHILIPPINES: GIGANTES ISLANDS Iloilo', 'gigantes island iloilo', 'gopro philippines', 'drone philippines', 'drone gigantes', 'travel vlog', 'lost']"
-v1cHJbH544,"['the food ranger', 'jollibee review', 'foreigner jollibee', 'foreigner eating jollibee', 'bee suit', 'jollibee bee suit', 'jollibee mascot', 'beekeeping suit', 'best ever food review show', 'saigon jollibee', 'vietnam jollibee', 'jollibee secret menu']"
K9ZlpZnoL0s,"['Travel', 'culture', 'adventure', 'bizarre', 'amazing', 'animals', 'funny', 'festivals', 'celebrations', 'events', 'documentaries', 'lifestyle', 'resorts', 'beaches', ""'viral videos'."", ""'coconut wine'"", 'tuba', 'drunk', 'fun', 'story', ""'how to'"", ""'siquijor island'"", ""'mystery island'"", ""'island of witches'"", 'tourism', 'scenery', 'sightseeing', 'exploring', 'joker', 'tipsy', 'drinking', 'filipino', 'Philippines', 'pinoy', 'pinay']"
ENiqyijyWoY,"['Filipino', 'Philippines', 'Food', 'Street food', 'Kwek kwek', 'Egg', 'Orange', 'Yummy', 'Delicious', 'First time', 'Cheap', 'Crunchy', 'Antoinette', 'Bohol', 'Tagbilaran', 'Mall', 'Outside', 'ICM', 'Funny']"
GWwc4rvElos,"['algarve beaches', 'algarve portugal', 'algarve portugal beaches', 'portugal beaches', 'portugal beaches algarve', 'portugal travel', 'portugal travel blog', 'portugal travel vlogs', 'explore portugal', 'lagos portugal', 'travel portugal', 'adventure travel', 'adventure vlog', 'comedy vlog', 'holiday vlog', 'lagos beach', 'portuguese beach', 'sarcastic comedy', 'self deprecating comedy', 'self deprecating humor', 'travel adventure', 'travel blog', 'travel blogger', 'travel video', 'travel vlog', 'two broskis']"
FKHc2hTDNs0,"['the food ranger', 'filipino fiesta', 'philippines fiesta', 'bohol', 'bohol fiesta', 'how to part in the philippines', 'cebu city', 'cebu lechon', 'bohol lechon', 'eel soup', 'adobo', 'foreigner lechon', 'foreigner abodo', 'eating filipino food', 'philippines fiesta food', 'philippines province', 'bohol province', 'party in the philippines', 'filipino party', 'best ever food review show']"
gDBZWvwksvs,"['indonesian food mukbang 2018', 'indonesian indomie', 'best indonesian indomie challenge', 'foreigners trying indonesian food for the first time', 'best noodles challenge', 'indonesian street food 2018', 'indomie goreng eating show', 'mi goreng taste test', 'fried indonesian noodles challenge', 'best eating show in the world', 'best noodles in the world', 'best food mukbang in the world', 'foreigners trying indonesian food', 'trying indonesian ramen', 'spicy noodle challenge']"
BHH13mZIxdQ,"['the food ranger', 'burger machine review', 'burger manila', 'Erwan Heussaff', 'sonny side', 'best ever food review show', 'manila best burger', 'burger worth it', '$20 burger', '$1 burger', 'Manila food', 'foreigner filipino food', 'american filipino food', 'douche with red headband', 'burger machine', 'burger machine manila']"
Gps3vVUUWjU,
3lcVzWMa5zY,"['american in the Philippines', 'Philippines travel blog', 'Anthony Smith', 'vlog', 'daily vlog', 'daily vlogger', 'video blogging', 'video blog', 'travel vlogger', 'exploring manila', 'exploring the Philippines', 'about the Philippines', 'top 10', 'in the philipines', 'foreigner in the Philippines', 'expat in the philippines', 'afam', 'fat american', 'filipino vlog', 'vacation in the philippines', 'aheezy', 'joseph my life in metro manila', 'new years resolution']"
Drf0KZb1alM,"['GMA Network', 'GMA News', 'GMA Public Affairs', 'GMA Documentaries', 'I-Witness', 'iWitness GMA', 'iWitness GMA News', 'iWitness full episode', 'iWitness 010618', 'iWitness January 6 2018', 'Documentary', 'Sandra Aguinaldo', 'Kara David', 'Howie Severino', 'Jay Taruc', 'Atom Araullo', 'iWitness Pesteng Pagkain', 'Pesteng Pagkain', 'Thailand', 'Thai exotic food', 'Chiang Mai Thailand', 'Chiang Mai', 'Travel', 'food trip']"
WZ2TP0EZgGo,"['travel couple', 'pierre t. lambert', 'pierretl', 'inspiredbytwelve', 'travel vlogger', 'travel around the world', 'coron', 'bohol', 'ocean jet', 'ferry', 'filipino vlog', 'manila philippines', 'manila', 'negros philippines', 'dumaguete', 'tagbilaran', 'coean jet ferry', 'MOST EXPENSIVE FERRY IN THE PHILIPPINES - Dumaguete to Bohol after Typhoon', 'travel vlog philippines', 'travel vlog', 'alona beach', 'travel bohol', 'scam philippines', 'tricycle philippines', 'travel budget', 'price bohol']"
pvtCvO_W2ns,"['manila', 'insider', 'lifestyle', 'vlogs', 'games', 'challenges', 'grvty', 'media', 'try', 'it', 'tuesday', 'shows', 'blog', 'food', 'travel', 'graham', 'graham cracker', 'graham ball', 'how to', 'tutorial', 'mango cake', 'mango graham', 'cracker', 'salad', 'christmas feast', 'fruit salad', 'fruitcake', 'crushed graham', 'tuts', '2 minute challenge', 'challenge', 'minutes', 'm.y. san graham', 'grahams', 'my san grahams']"
m9xp1ZlPuwQ,"['Indian Christians', 'Anti-coversion law', 'religious minorities', 'Street interview in India', 'What Indians think of Christianity', 'Asian Boss', 'Asian news']"
q_mMq1DdshQ,"['2018 countdown manila', 'best 2018 countdown around the world', 'best new year eve 2018', 'filipino new year countdown 2018', 'human stampede new year 2018', 'dubai fireworks 2018', 'best fireworks display 2018', 'best firework display in the philippines 2018', 'eastwood countdown 2018', 'the fort city countdown 2018', 'Philippine Arena Countdown 2018', 'new york countdown 2018', 'tokyo fireworks 2018', 'best newyear firework around the world', 'firecracker manila 2018', 'firecracker philippines 2018']"
F0QDkZNzWtc,"['two broskis', 'twobroskis', 'travel', 'travel vlog', 'wanderlust', 'adventure', 'exploration', 'music travel video', 'vlog', 'funny travel video', 'backpacking', 'living life', 'living', 'music video', 'adventure travel', 'drone', 'drone video']"
3qvJlfNcnKc,"['Kentucky', 'Ranger', 'Kentucky Ranger', 'Snack', 'crate', ""What's"", 'In', 'The', 'Crate', 'Funny', 'Family', 'Food', 'Sample', 'Taste', 'Test', 'Review', 'Unbox', 'Munch', 'Munchie', 'Munchy', 'Munchies', 'kids', 'flavor', 'World', 'Foodie', 'Friendly', 'Fun', 'Christian', 'Laugh', 'cuisine', 'Critic', 'Eat', 'world', 'box', 'opening', 'review', 'video', 'unboxing', 'philippines', 'Mangoes', 'Ube', 'Cake', 'Polvoron', 'Coffee', 'Bawang', 'Chocolate', 'Pretzles', 'snackcrate', 'please', 'help']"
oXl7reHk0kM,
YQh96VjWa_w,"['the food ranger', 'burger machine review', 'burger manila', 'Erwan Heussaff', 'sonny side', 'best ever food review show', 'manila best burger', 'burger worth it', '$20 burger', '$1 burger', 'Manila food', 'foreigner filipino food', 'american filipino food', 'douche with red headband', 'burger machine', 'burger machine manila']"
7t7pYijY4Jg,"['the food ranger', 'cebu tuslob buwa', 'foreigner tries tuslob buwa', 'foreigner eats tuslob buwa', 'pasil', 'cebu city', 'philippines food', 'filipino food', 'filipino street food', 'pig brain', 'bnrain gravy', 'pig brain and puso', 'hanging rice', 'cebu hanging rice', 'hanging rice tuslob buwa', 'best ever food review show', 'sonny side']"
zd353fONHSc,"['the food ranger', 'chicken balut', 'foreigner eats balut', 'penoy', 'foreigner tries penoy', 'balut', 'balut in philippines', 'Shumai', 'filipino shumai', 'termpura', 'filipino tempura', 'tempura philippines', 'dirty icecream', 'philippines street food', 'filipino street food', 'philippines food', 'best street food philippines', 'foreigner', 'white guy', 'white eat balut', 'foreigner eats chicken balut', 'cebu city', 'colon street', 'street food tour']"
h_qsg8Gof4Q,"['intro to curries', 'indian cuisine', 'brothers green', 'vegetarian for parties', 'master vegetarian cooking', 'beginners vegetarian', 'coconut butternut sqaush', 'sagg recipe', 'eggplant tomato curry', 'the best vegetarian food', 'indian feast', 'easy vegetarian', 'beginners indian', 'how to cook indian food', 'mike greenfield', 'simple flatbreads', 'enzyme tire spunk', 'basic curry recipes', 'vegetarian recipes']"
pVRlLto0Wt4,"['taboo topics', 'asian talk host', 'facebook live', 'life by laila', 'miss world', 'miss singapore', 'brown skin beauty', 'beauty is only skin deep', 'strong women', 'Laanya Erza Asogan', 'Adeline Hokulani\u200b', 'lets talk', 'intelligent', 'women', 'empowerment', 'social media', 'social awareness', 'blog', 'vlog']"
hedlWTTw8q8,
rlUIgUa_QjE,"['Broken english', 'Filipino Vlogger', 'Englsih Language', 'daily vlog', 'basic english', 'Filipino broken english', 'language challenge', 'buzzfeed', 'Fun Facts', 'english 101', 'Filipino english', 'language 101', 'English 101', 'Filipino Bloggers', 'Filipino Vlogs', 'Abu Dhabi Vlogs', 'Dubai Vlogs', 'Filipino Blogger on Youtube', 'Abu Dhabi', 'UAE', 'Philippines', 'I am Shanwein', 'iamshanwein', 'Filipino Vlogger on youtube', 'Why Filipinos speaks broken English']"
FnX01Jjx2uM,"['trynewthings', 'unboxing', 'HiHoKids', 'kid videos', 'kids try videos', 'kids challenges', 'games', 'fun', 'kids try toys', 'family', 'HihoKids', 'Kids Try', 'Jayque', 'Maddoxweddle', 'challenges', 'Crystal', 'WatchCut', 'kidsguess', 'ernietries', 'ernie', 'Justin', 'kidsplay', 'kid games', 'kidsmakefriends', 'experiment', 'what’sinthebox', 'hiho', 'familyfriendly', 'kidstry', 'Cut', 'kidsdescribe', 'challenge videos', 'food', 'Maddox', 'GG', 'Austin', 'forkids', 'Hiho', 'Desmond', 'kids try', 'friends']"
drEhhb8_nRQ,"[""Top 5 New Year's Resolution every Filipino fails to achieve every year"", ""New Year's Resolutions"", 'Filipino Resolutions', 'Filipino Culture', ""Filipino New Year's Resolutions"", 'Chris Urbano', 'Maputing Cooking', 'How to Lose Weight', 'How to Save Money', 'How to Eat Healthy']"
t4IudGC7qQ0,"['traveln2', 'travel', 'vlog', 'travel vlog', 'travel vlogger', 'explore', 'lifestyle', 'lifestyle travel', 'lifestyle traveling', 'new years eve in puerto princesa', 'new years eve in philippines', 'party in the philippines', 'fireworks in philippines', 'carnaval in philippines', 'party philippines', 'fun philippines']"
u1SGGodgmIA,"['daniel marsh', 'filipino', 'philippines', 'filipino cuisine', 'wil dasovich', 'haley dasovich', 'mikey bustos', 'travel', 'explore', 'cook', 'sushi', 'raw fish', 'pinoy', 'tagay', 'foreigner in the philippines', 'life in the phili']"
MovIpxxyOlo,"['tamilok philippines', 'tamilok', 'catching takilok', 'palawan food', 'kinabuchs', 'bizarre philippines', 'filipino food', 'filipino street food', 'strange filipino food']"
m6HDf7Vr1dg,"['foreigners', 'hilarious reaction', 'tagalog', 'filipino food', 'exotic food', 'pinoy food', 'filipino exotic food']"
QO2kFGqnnwc,"['mukbang', 'eating show', 'eating', 'english mukbang', 'fast food reveiw', 'watch me eat', 'mashed potatoes', 'halo halo', 'jollibee', 'peach mango pies', 'jollibee mukbang', 'filipino food', 'chickenjoy', 'philippines', 'fried chicken', 'jollibee food review', 'jollibee spaghetti', 'gravy', 'hugknuckles', 'food review', 'reaction', 'couples react', 'culture', 'commercials', 'wish 1075', 'americans try filipino food', 'filipino fast food', 'reaction video', 'jollibee video', 'pie', 'jollibee commercial', 'americans', 'react', 'jollidance showdown', 'vow']"
wmX_mzz7RU8,"[""McDonald's Philippines"", ""McDonald's in the Philippines"", 'Philippines McDonalds', 'Filipino McDonalds', 'McDonalds around the world', 'trying mcdonalds around the world', 'Americans try Filipino Mcdonalds', 'filipino ordering mcdonalds', 'filipino mcdonalds mcdo', 'magat dam ramon isabela', 'isabela philippines tourist spots', 'cauayan city isabela philippines', 'Christian travel vlog philippines', 'tilapia fish farm philippines', 'McDonalds menu in Philippines', 'McDonalds Fried Chicken', 'McDo Spaghetti']"
hgV-OA8fivU,"['best restaurant in coron', 'coron island tour', 'ultimate tour coron', 'palawan island', 'top tourist destinations coron', 'night life in coron palawan', 'best places to visit in palawan 2018', 'filipino food', 'philippines street food', 'where to eat in palawan', 'best restaurants in palawan', 'best food in palawan', 'local filipino dishes palawan', 'el nido nightlife', 'foreigner trying filipino food', 'filipino food review']"
YlJYi6quv5Q,"['TRYING FILIPINO FOOD FOR THE FIRST TIME PT. V ( TRADITIONAL FILIPINO DISHES)', 'trying filipino food for the first time', 'american tries filipino food', 'trying traditional filipino dishes', 'american tries traditional filipino food', 'traditional filipino food', 'filipino food', 'trying filipino food', 'taste test', 'kare kare', 'filipino food taste test', 'arthur-o productions production', 'filipino dish', 'filipino menudo', 'tryng filipino lechon for the first time']"
XpQffKMsfPU,"['american eating filipino food', 'Filipino Food', 'Sparkinheart', 'philippines', 'pinoy food', 'first time', 'Lumpia', 'bitter melon', 'bitter melon challenge', 'Adobo', 'Sarap!', 'filipino', 'food challenge', 'jollibee', 'shawn hewitt', 'travel', 'jollibee taste test', 'pinoy', 'tagalog', 'taste test', 'taste test challenge', 'taste testing food', 'pinoy pood', 'funny', 'pinoy tv', 'food', 'filipino songs', 'filipino food near me', 'filipino food taste test', 'amerikano na pagkain ng filipino food']"
K410sNv5Iqo,"['foreigner filipino snack', 'junk food filipino', 'foreigner try pinoy snacks', 'filipino junk food', 'filipino snack mukbang', 'mukbang filipino junk food', 'foreigner eats filipino snack', 'foreigner first time filipino snacks', 'mukbang filipino food foreigner', 'first time filipino snacks foreigner', 'filipino snacks mukbang foreigner', 'foreigner eats filipino snacks', 'foreigner eats filipino food', 'foreigner filipino snack first time', 'foreigner filipino food first time', 'foreigner mukbang filipino']"
KLdGv2yBG48,"['jollibee', 'jollibe in america', 'jollibee food', 'chickenjoy']"
UC7VaWdK5W8,"['Cannon', 'Bamboo Cannon', 'Guns Philippines', 'Filipino New Year', 'Firecrackers Philippines', 'New Year Philippines', 'BecomingFilipino', 'Fire and Explosions', 'Explosives', 'Explosion Philippines', 'Bomb Philippines', 'Filipino Gun', 'Filipino Celebration', 'Filipino Tradition', 'New Years Traditions', 'Fire Philippines', 'Finn Snow', 'Big Gun', 'Big Bomb', 'Lantaka', 'Filipino Noise', 'Happy New Year Philippines', 'Foreigner Mindanao', 'Mindanao Gun', 'Bomb Mindanao', 'Explosions Mindanao']"
hSFILxx0lrY,"['food', 'family', 'philippines', 'filipino', 'filipino food', 'snacks', 'filipino snacks', 'pinoy', 'trying filipino snacks', 'eating filipino food', 'testing filipino food', 'filipino buzzfeed', 'growing up filipino', 'why i love being filipino', 'comedy', 'vlog', 'jacqui alvendia', 'pinoy food', 'pinoy food us', 'filam', 'best', 'delicious', 'delicious snacks', 'food vlog', 'what is', 'eat', 'best food', 'asian', 'what to eat', 'pinoy food in us', 'pinoy food in usa']"
dlUqsDS-vWo,"['sea cocoon hotel el nido 2018', 'best hotel in el nido nearby town', 'best luxury hotel in elnido', 'best restaurants in elnido town proper', 'nightlife in elnido', 'best place to eat and chill in elnido 2018', 'best filipino bakery in the philippines', 'filipino bread and pastries', 'el nido midtown bakery', 'el nido tours island hopping 2018', 'best accomodation in elnido', 'what to eat in elnido palawan', 'spanish bread pan de coco', 'pinoy favorite food']"
Drz7btQ0qdg,"['iMovie', 'norcal', 'san francisco', 'lombard street', 'erikvjvnee', 'ejvnee', 'hayward', 'california', 'spirit airlines', 'filipino', 'new years', 'vlog', 'lax', 'oakland', 'golden gate bridge', 'twin peaks']"
5NsEORdzNIg,"['food challenge', 'snacks challenge', 'foreigners tries jolllibee', 'foreigner filipino challenge', 'british tries filipino snacks', 'american tries filipino food', 'youtube food challenge', 'boy bawang', 'cheeze it', 'peewee', 'milky knots', 'chippy', 'cheezy snacks', 'flipino vs brirish food challenge', 'gay food challenge', 'filipino snacks challenge', 'filipino food challenge', 'gay vlog', 'manila airport', 'naia terminal', 'filipino challenge', 'taste test filipino food', 'filipino snacks', 'food challenges', 'mukbang']"
k_G5lWUfZhk,
rTmyx3UZykI,"['Chris Urbano responds to Jollibee Taste Test Comments', 'Chris Urbano responds to hater comments', 'Chris Urbano responds to mean comments', 'jollibee taste test', 'Chris Urbano', 'filipino food taste test', 'Sunday VLOG', 'Q and A VLOG', 'foreigner try jollibee', 'Maputing Cooking', 'jollibee mukbang', 'food review', 'jollibee reaction', 'Mean Comments']"
P2bTYApfPbY,"['Lucky Plaza Singapore Jollibee Compared With Jollibee Philippines', 'Singapore', 'Lucky Plaza', 'Orchard Road', 'Jollibee', 'Jollibee Singapore', 'Jollibee Philippines', 'Blaire Bustillo', 'OFW in Singapore', 'Filipino in Singapore', 'Pinoy', 'Pinoy in Singapore', 'Chickenjoy', 'Best Fried Chicken In Singapore', 'Fried Chicken', 'Price', 'Price Comparison', 'Spicy Chicken', 'Eat Now Pay Later', 'foreigners in Singapore', 'All Time Favorite', 'Long Vehicle', 'Cleanse Our Body', 'Forever Living Singapore', 'Filipino Food']"
iRGRUS7T48w,"['americans try', 'tasting video', 'snack crate', 'snack subscription review', 'snack crate review', 'americans try snacks from', 'snacks from the philippines', 'philippines', 'tasting snacks from', 'trying snacks from around the world', 'philippine snacks', 'review', 'snack review', 'food review', 'snack critic', 'food critic', 'eating snacks from the philippines', 'snack crate snacks', 'food from around the world', 'food from philippines']"
W-nGI42f5X0,"['Chinese', 'train', 'husband', 'block', 'china', 'chinese train', 'chinese commuters', 'arguments in china', 'stopping a train from leaving', 'chinese people arguing']"
BHnariK2tm0,"['best restaurant in coron', 'coron island tour', 'ultimate tour coron', 'palawan island', 'top tourist destinations coron', 'night life in coron palawan', 'best places to visit in palawan 2018', 'filipino food', 'philippines street food', 'where to eat in palawan', 'best restaurants in palawan', 'best food in palawan', 'local filipino dishes palawan', 'el nido nightlife', 'nightlife in palawan 2018', 'coron party bars at night', 'boracay 2018 nightlife', 'what to do in palawan']"
cY-QSZ75hlY,
fr0pH-mKQOM,"['chicharon', 'philippines', 'philippines chicharon', 'filinpino chicharon', 'philippines snacks', 'filipino snacks', 'chicharon capital', 'carcar city', 'carcar lechon', 'carcar chicharon', 'filipino street food', 'philippines street food', 'best ever food review show', 'sonny side', 'best ever food review show philippines', 'jeepney', 'foreigner in jeepney']"
oJf7j4Zyy0E,"['blogs', 'VLOG', 'FILIPINO VLOG', 'YANI MACUTE', 'FABIO CAIO', 'GAY COUPLE', 'GAY VLOGGERS', 'GAY YOUTUBERS', 'long distance relationship', 'FILIPINO', 'PINOY', 'PHILIPPINES', 'ABS CBN']"
eMsEruoPTzA,"['what i eat in a day', 'What I Ate On A Deserted Island | Philippines', 'anna wildman', 'runningvegannyc', 'annawildman', 'vegan', 'vegan travel', 'philippines', 'filipino food', 'philippines food', 'what i eat', 'hclf', 'vegan food', 'healthy travel', 'solo travel', 'backpacking', 'vegan backpacking', 'vegan solo travel', 'travel blogger', 'travel vlog', 'daily vlog']"
8HFrUnxkKRI,"['festival', 'festival in philippines', 'philippines festivals', 'filipino festival', 'local filipino festival', 'festivals in the philippines', 'funny festivals', 'funny costumes', 'funny local filipinos', 'funny filipino video', 'funny filipino jokes', 'funny philippines videos', 'binalbal festival', 'funny festival moments', 'funniest festivals', 'finn snow', 'finnsnow', 'kulas in tudela', 'finsnow', 'kulas becoming filipino', 'finn snow dinagyang', 'kulas with finn snow', 'finn snow with kulas', 'kaamulan 2018']"
UjHhYuU-alM,"['No', 'Meghan Trainor', 'Mikey Bustos Parody', 'Mikey Bustos', 'F.I.L.I.P.I.N.O', 'Meghan Trainor Mikey Bustos', 'Meghan Trainor Mikey Bustos Parody', 'No - Meghan Trainor', 'No - Meghan Trainor Mikey Bustos Parody', 'ey Bustos Parody F.I.L.I.P.I.N.O', 'Meghan Trainor Mikey Bustos Parody F.I.L.I.P.I.N.O', 'No - Meghan Trainor Mikey Bustos Parody F.I.L.I.P.I.N.O', 'reaction', 'reaction video', 'video']"
kEtYRFyB7RA,"['City Centre Ajman', 'Jollibee Ajman', 'Jollibee', 'Ajman']"
kyKKEcNK23c,"['Man Versus Crab', 'Crabs', 'Crabbing', 'Filipino Food', 'Filipino Crabs', 'Filipino Foreigner', 'Bonifacio', 'Canadian Mindanao', 'Foreigner Mindanao', 'Filipino Man', 'River Life', 'River Philippines', 'Filipino Fight', 'Finn Snow', 'Kyle Jennermann', 'BecomingFilipino', 'Kulas', 'Life Philippines', 'Filipino Life', 'Seafood Philippines', 'Filipino Seafood', 'Philippines Mindanao', 'Foodtrip Philippines', 'Big Crabs', 'Crab Hunting', 'River Crabs', 'Filipino Farming']"
bYciPs8gk8I,"['logan', 'logans', 'world', 'logansworld', ""logan'sworld"", 'boy', 'cute', 'funny', 'adorable', 'tastetest', 'challenge', 'filipino', 'snacks', 'treats', 'filipinosnacks', 'present']"
wYCUWD9mtpY,"['how to speak philippines language', 'How to speak tagalog', 'family members in tagalog', 'how to speak filipino', 'pinay', 'american filipino']"
fIV3kyQ11fU,"['EXPAT LIFE STORY IN THE PHILIPPINES', 'A FOREIGNER IN THE PHILIPPINES', 'COST OF LIVING IN THE PHILIPPINES', 'MONEY AND FILIPINA', 'SAFE PLACES TO RETIRE IN THE PHILIPPINES', 'BRITISH EXPAT IN THE PHILIPPINES', 'AMERICAN EXPAT IN THE PHILIPPINES', 'PRESIDENT DUTERTE PHILIPPINES', 'HUMANITARIAN', 'DATING SITE', 'MISSIONARY WORK', 'REEKAY VELEZ', 'FAMILY VLOG', 'VIRAL VIDEOS', 'NANAY HELP BETHS ON BUKO JUICE FOR HER KIDNEY PROBLEM GLIMPSE OF HERBAL MEDICATION', 'Aheezy Tribe [The Ahern Family]']"
BFeaDgqI-QM,
iCQ7Uc7OpMA,"['foreigner in the philippines', 'living in the philippines', 'filipino family vlog', 'philippine vlog', 'philippine family vlog', 'life in the philippines', 'family in the philippines', 'daniel marsh', 'wil dasovich', 'residing in the philippines', 'filipino kids vlog', 'filipino kids playing', 'filipino kids life', 'my house in the philippines', 'becoming filipino', 'philippines road trip', 'A STRANGE AND WEIRD DAY IN THE PHILIPPINES', 'kyle jennermann', 'finnsnow', 'HOW FILIPINOS INTERACT WITH FOREIGNERS?']"
N99KX0jiIn8,"['mt tapyas coron 2018', 'new zealand of the philippines', 'most beautiful island of the philippines', 'coron cross mt tapyas', 'makinit hotspring coron 2018', 'coron palawan 2018', 'best island in the world philippines', 'twin lagoon lake coron', 'kayangan lake coron 2018', 'best hotel in coron 2018', 'coron island hopping', 'top tourist destinations coron', 'coron town proper', 'foreigners in coron palawan', 'night life in coron palawan', 'el nido island hopping', 'best places to visit in palawan 2018']"
evKV1ZgbZwg,
OEwWGCWf9hc,
RyhKCbzmIXo,"['travel couple', 'pierre t. lambert', 'pierretl', 'inspiredbytwelve', 'travel vlogger', 'travel around the world', 'bohol', 'philippines', 'filipino vlog', 'drone bohol', 'chocolate hills', 'tarsier', 'tarsiers bohol', 'things to do bohol', 'tal', 'thetravelingclatt', 'waterfall', 'man made forest', 'travel philippines', 'travel bohol', 'exploring bohol', 'bohol by motorbike', 'nyc', 'youtube couple', 'lost', 'top 5 bohol island', 'pinoy', 'filipino vloggers', 'baninay wil dasovich', ""DON'T Visit THIS on Bohol Island Philippines - Not Worth it!""]"
tCwRToWwLcI,"['Pho', 'vietnamese', 'rice paper', 'friends', 'dinner', 'restaurant', 'chicken', 'soup', 'trying new food', 'chicken spring roll', 'chicken pho', 'lesbian', 'peanut sauce', 'eating', 'mukbang']"
l5H6jl_g2XE,"['bizarre foods vietnam', 'bizarre food vietnam', 'strange food vietnam', 'vietnam street food', 'crazy food vietnam', 'water bug', 'water bug banh cuon', 'sand worm', 'vietnam worm pancake', 'quail', 'exotic vietnamese food', 'best ever food review show']"
vFKnBAoKgZY,"['halo halo', 'halox2', 'best halo halo', 'top ten halo halo', 'best ever food review show', 'foreigner try halo halo', 'white guy tries halo halo', 'sonny side', 'filipino street food', 'philippines street food', 'filipino halo halo', 'filipino dessert', 'philippines dessert', 'american try halo halo', 'fat tall american eats halo halo']"
Yog88wwfUKI,"['middles eastern parents', 'fouseytube', 'middle eastern family', 'arab parents pranks', 'funny middle eastern parody', 'arab pranks', 'best arab channel', 'middle eastern pranks', 'مقالب عربية ٢٠١٨', 'الام العربية السورية', 'مقالب مضحكة سوريين', 'prank on arab parents', 'adam saleh vlogs', 'funny parody', 'funniest arab syrian', 'how arabs talk', 'syrian vloggers', 'how to be syrian', 'اجمل المقاطع المضحكة مقالب ٢٠١٨']"
fo3As36trkA,"[""don't go to college"", 'why college is a bad idea', 'The philippines', 'Filipino', 'Filipino culture', 'Philippines', 'Filipinas', 'Filipinos', 'education', 'college', 'should I get a college degree', 'Filipino education']"
0YWOumqrr7U,"['travel couple', 'pierre t. lambert', 'pierretl', 'inspiredbytwelve', 'travel vlogger', 'travel around the world', 'travel philippines', 'worth it', 'haircuts', 'cheap vs. expensive', 'salon', 'shadows', 'Cheap v. expensive', 'travel', 'adam bianchi', 'cameraguy', 'experience', 'cheap vs expensive', 'filipino vlog', 'filipino haircut', 'haircut philippines', 'buzzfeed video', '$0', '70 Haircut Vs. $5 Haircut - Worth it?', 'cebu', 'sm city', 'mall', 'filipino mall', 'manilla', 'Living Cheap in Taipei - The $3 HAIRCUT CHALLENGE!', 'living cheap']"
J_hUro2IF9E,"['TitoTim', ""Tito Tim's Tulong"", 'overseas retirement', 'expat', 'Philippines expat', 'Philippines', 'Iloilo', 'dating Filipina', 'Filipina', 'cost of living Philippines', 'live in Philippines', 'living in Iloilo', 'living in Philippines', 'Philippines cost of living', 'retire in Philippines', 'dating', 'retirement', 'Asia', 'Panay', 'boracay', 'fire dancing', 'travel', 'travel vlog', 'its more fun in the philippines', 'Boracay Island', 'Boracay White Beach', 'Boracay Philippines', 'Paradise Island', 'D’ Talipapa', 'Boracay 2017 Food & Fun']"
Kk4QSv1S_84,
8ipzwxXjAcA,"['al jazeera', 'aljazeera', 'al jazeera english', '101east', 'philippines', '101 east', 'The Philippines', 'Baby Factory', 'Manila', ""The Philippines' Baby Factory"", 'teenage pregnancy', '101 east al jazeera', 'factory', 'al jazeera 101 east', 'philippines baby factory', 'the philippines baby factory', '101 east philippines', 'al jazeera philippines', 'Sanggol ng Pilipinas', '101 al jazeera', 'Ang Pabrika ng Sanggol ng Pilipinas', 'philippines news', 'philippines documentary', 'abortion documentary', 'abortion in philippines']"
2MNIHorhd7c,['smile kabayan mike grogan message to filipinos']
VTyXNiCs48k,"['tv', 'lithuania', 'travel', 'holiday']"
uVea7UYloCw,['Brazilian Food Culture']
bq4AjFOMQXE,"['boodle fight', 'philippines food', 'palawan food', 'epic boodle fight', 'filipino boodle fight', 'best ever food review show', 'lechon boodle fight', 'philippines lechon', 'palwan lechon', 'doyak', 'foreigner eats filipino food', 'sonny side']"
D9vjelB5bns,
nZ_wEvKZ8CA,"['erwan', 'heussaff', 'thefatkidinside', 'blog', 'video', 'easy', 'quick', 'recipe', 'food', 'philippines', 'manila', 'travel', 'overnight', 'vlogs', 'videos', 'shows', 'anne', 'curtis', 'spicy', 'noodle', 'korean', 'prank', 'married', 'wife', 'husband', 'fire', 'challenge', 'competition']"
MVb33kna36I,"['luisyoutube', 'americans', 'speaking', 'speak', 'language', 'filipino', 'tagalog', 'foreigner', 'foreigners', 'international', 'philippines', 'translate', 'bisaya', 'pilipino', 'pinoy', 'white', 'black', 'beki', 'challenge', 'accent', 'fluent', 'funny', 'words']"
vopQUBFHg2k,"['BuzzFeed', 'BuzzFeed Video', 'BuzzFeedVideo', 'K_fe', 'Zuh7', 'around the world', 'asia', 'authentic', 'authenticity', 'caribbean', 'cuisine', 'curries', 'curry', 'curry goat', 'east asia', 'east asian', 'food', 'global', 'india', 'indian', 'jamaica', 'jamaican', 'japan', 'japanese', 'kare raisu', 'lT_Z', 'mango', 'murgh chutneywala', 'people try', 'sauce', 'spicy', 'sweet', 'tangy', 'trinidad', 'trinidadian', 'world']"
Ic8sO-sc-aw,"['philippines', 'filipino', 'pinoy', 'food', 'filipino food']"
A6l_MW_kIdU,"['Filipino', 'Filipina', 'Filo', 'Philippines', 'Food', 'Filipino Food', 'Best Filipino Food', 'Filipino cuisine', 'Pinoy', 'Pinay', 'Filipino restaurant', 'Culture', 'Filipino culture', 'Filipino food near me', 'Filipino restaurant near me', 'Tagalog', 'Wil Dasovich', 'Wilodia', 'Kulas', 'Becoming Filipino', 'react']"
lcgfWJBIPWU,"['Divertliving', 'travel', 'blog', 'daily', 'vlog', 'SURVIVE IN MANILA AIRPORT | JOLLIBEE TASTE TEST', 'STRAWBERRY FRENCH FRIES', 'AMERICAN TRY JOLLIBEE |', 'manila airport', 'survive the airport', 'miss my flight', 'filipino', 'pinoy', 'manila to Dumaguete', 'travel to dumaguete', 'friendly filipino', 'terminal 3', 'NAIA', 'travel the philippines', 'phillipines', 'the philippines', 'manila', 'traffic in manila', 'jollibee review', 'ninoy aquino', 'sleep at the airport', 'layover manila', 'jollibee philippines', 'thai', 'american', 'travel manila']"
P5ypNp1_-a8,"['kids try', 'ernietries', 'Justin', 'forkids', 'kids challenges', 'food', 'Maddox', 'ernie', 'kids try toys', 'trynewthings', 'fun', 'unboxing', 'Desmond', 'experiment', 'Hiho', 'kids try videos', 'challenges', 'Cut', 'familyfriendly', 'friends', 'HiHoKids', 'Kids Try', 'kidsguess', 'GG', 'kidstry', 'kidsmakefriends', 'Jayque', 'hiho', 'WatchCut', 'Austin', 'kid games', 'HihoKids', 'Crystal', 'challenge videos', 'kidsdescribe', 'Maddoxweddle', 'what’sinthebox', 'kidsplay', 'family', 'games']"
64vEzCv7nX8,"['LAYNE', 'FABLE', 'laynabayna', 'short and sweet', 'no one cares', 'Layne f', 'vlog', 'filstop', 'filipino snack taste test', 'taste test', 'philippines', 'filstop jersey city', 'tasty', 'oishi', 'tick-o', 'ube', 'shane fable', 'katey', 'boy bawang', 'ding dong', 'spicy snacks', 'online filstop', 'sponsored', 'polvoron', 'filipino snacks', 'shane', 'funny', 'food', 'foodie']"
mXfXnw3HuhU,"['Best places to eat in philiipines', 'eating in philippines', 'places to eat in manila', 'were to eat in manila', 'best Filippino food', 'Best food in the philippines', 'Were to eat in philippines', 'Best filippino food', 'Tourists eating in philippines', 'Best food in manila', 'Filippino eaterys', 'Eating with filippino locals', 'Filippino food', 'best places to eat in philippines', 'eating in the philippines', 'best filippino food', 'places to eat in philippines', 'where to eat in philippines']"
0Y94PzjxnRE,"['food guide in el nido palawan 2018', 'best seafood restaurant in coron elnido puerto princesa palawan', 'best falafel in el nido', 'what to eat in el nido 2018', 'best hotel in el nido coron', 'best accomodation in el nido', 'bars and night life in el nido', 'lostleblanc', 'foreigners trying filipino snacks', 'foreigners eating filipino food', 'filipino streetfood 2018', 'philippines streetfood tour', 'palawan food tour 2018', 'best restaurants in el nido coron', 'happiness el nido', 'arabic food philippines']"
x9DwqjVX56U,"['Balut Challenge 2018', 'Balut challenge accepted', 'Filipino streetfood', 'The Philippines', 'Vlogger', 'Weird filipino food', 'foreigner filipino food', 'Manila']"
OVS4o-fcwec,"['Philippine Fast Food Vlog', 'Fast food vlog', 'Philippines Manila', 'Jollibee Philippines', 'chowking Philippines', 'Mc Donalds Philippines']"
kBskOSADNG0,"['best hotel in el nido coron', 'bars and night life in el nido', 'lostleblanc', 'best beach in the philippines', 'palawan food tour 2018', 'el nido 2018 travel guide', 'tour a b c d el nido palawan', 'el nido island hopping 2018', 'coron island hopping 2018', 'best travel vlog channel', 'best philippines travel guide 2018', 'cadlao lagoon el nido', 'las cabanas beach el nido 2018', 'nacpan beach 2018', 'bikini girls on beach', 'bikini girls philippines beach']"
ehRZRrzfQRY,"['filipino food', 'filipino barbecue', 'food vlogging', 'filipino style barbecue', 'kids playing', 'filipino bbq', 'sunday afternoon bbq', 'family']"
mhNLKzM6nAQ,"['jollibee review', 'foreigner tries jollibee', 'american tries jollibee', 'american jollibee review', 'jollibee secret menu', 'jollibee jeepney', 'eating in a jeepney', 'best ever food review show', 'foreigner eats jollibee in a jeepney', 'jollibee', 'jollibee double spicy chicken', 'jollibee spaghetti', 'jollibee rice', 'jollibee sundae', 'jollibee food review', 'white guy tries jollibee', 'douchebag tries jollibee and makes up thing about secret menu for extra clicks', 'sonny side', 'sonny jollibee']"
jmVxwjAdYmk,"['dinuguan', 'foreigner dinuguan', 'best dinuguan', 'homemade dinuguan', 'bagoong', 'foreigner tries bagoong', 'bangoong and mango', 'filipino street food', 'Philippines street food', 'pig blood', 'food review', 'best ever food review show', 'sonny side', 'pork organ stew', 'filipino fermented shrimp paste', 'fermented shrimp paste']"
_kd3RUnVPNY,"['vegan', 'vegan london', 'vegan food', 'vegan filipino']"
HGO-0klDBkA,"['nacpan beach 2018', 'lostleblanc', 'el nido palawan 2018', 'best beach in the world', 'most beautiful beach in the world', 'boracay 2018', 'motorbike ride to nacpan beach', 'foreigners trying filipino snacks', 'foreigners eating filipino food', 'australian speaking tagalog', 'best beach in the philippines', 'el nido coron palawan 2018', 'best hotel in el nido', 'best hotel in coron palawan', 'most crowded beach in the world']"
gwsqiNs5nxo,"['what to eat in el nido 2018', 'bars and night life in el nido', 'lostleblanc', 'best beach in the philippines', 'palawan food tour 2018', 'el nido 2018 travel guide', 'tour a b c d el nido palawan', 'el nido island hopping 2018', 'coron island hopping 2018', 'best travel vlog channel', 'best philippines travel guide 2018', 'cadlao lagoon el nido', 'foreigners try red horse san miguel beer', 'german drinks filipino beer', 'best filipino beer', 'foreigner drink red horse san mig', 'papaya beach el nido 2018']"
bAeBBEd6it8,"['filipino fiesta', 'philippines fiesta', 'bohol', 'bohol fiesta', 'how to part in the philippines', 'cebu city', 'cebu lechon', 'bohol lechon', 'eel soup', 'adobo', 'foreigner lechon', 'foreigner abodo', 'eating filipino food', 'philippines fiesta food', 'philippines province', 'bohol province', 'party in the philippines', 'filipino party', 'best ever food review show']"
w1Z_9LIty2g,"['filipino supermarket', 'inspiredbytwelve', 'travel vlogger', 'filipino vlog', 'pinoy', 'philippines', 'supermarket philippines', 'mall', 'filipino mall', 'pinoy viral', 'travel philippines', 'Grocery shopping in the Philippines', 'american in the philippines', 'grossery shopping asia', 'philippines vlog', 'foreigner philippines', 'french vs filipino', 'american vs filipino', 'pinoy food', 'banan ketchup', 'surigao', 'American Vs FILIPINO SUPERMARKET - Different?!', 'mindanao', 'market', 'local filipino food', 'street food']"
HfjW5Y4QPg4,"['mikey bustos', 'vlogs', 'daily vlogs', 'vlogger', 'travel', 'food', 'entertainment', 'exotic foods', 'cambodia', 'siem reap', 'asia', 'asian foods', 'bugs', 'insects', 'tarantula', 'scorpion', 'crickets', 'snake', 'frog legs', 'frogs', 'street food', 'cambodian food', 'Angkor Night Market', 'entomophagy']"
SfeKLZSsE70,"['inspiredbytwelve', 'travel vlogger', 'filipino vlog', 'pinoy', 'philippines', 'supermarket philippines', 'pinoy viral', 'travel philippines', 'philippines vlog', 'foreigner philippines', 'pinoy food', 'American Vs FILIPINO SUPERMARKET - Different?!', 'mindanao', 'local filipino food', 'siragao', 'sohoton cove', 'sohoton', 'airbnb', 'best airbnb in the world', 'surigao', 'private island', 'WE FOUND PARADISE IN THE PHILIPPINES', 'Most Beautiful Place in the World', 'PARADISE - PHILIPPINES TRAVEL', 'gopro travel', 'top 10 philippines']"
ja3n_uGHYLU,"['philippines', 'philippines travel', 'philippines travel vlog', 'travel', 'travel vlog', 'travel vloggers', 'travel couple', 'backpacking', 'backpacking couple', 'travelers', 'davao city', 'new bataan', 'compostella', 'foodie', 'jollibee', 'raetogo', 'funny vlog', 'female vlogger', 'the philippines', 'americans in the philippines', 'americans try jollibee', 'americans in philippines', 'americans try philippines food']"
KCMTGc_1FDs,"['Divertliving', 'travel', 'blog', 'daily', 'vlog', 'HUGE FIRE ! | ARRIVE MANILA', 'HANG OUT WITH FILIPINO | THE PHILIPPINES 2018', 'traveling manila', 'travel to manila', 'arrive manila', 'the philippines', 'first day', 'crazy in manila', 'filipino', 'walking in manila', 'top 10 in manila', 'hang out with local', 'filipino family', 'hangout with filipino', 'friendly', 'travel in manila', 'lostleblanc philippines', 'philippines', 'phillipines', 'filipino culture', 'downtown manila', 'locals hangout', 'travel guide manila', 'best to do']"
qiaGMJR6EN8,"['tuba', 'tuba wine', 'tuba drink', 'filipina tuna', 'bahalina', 'filipino bahalina', 'argao bahalina', 'argao cebu', 'tuba pong', 'beer pong', 'culture exchange', 'drinking exchange', 'filipino alcohol', 'drinking in the philippines', 'philippines party', 'drinking tuba', 'foreigner drinking tuba', 'street food', 'chicken feet', 'fried chicken feet', 'ping pong', 'bahalina pong']"
2yib5VqVo8Q,"['spicy noodle challenge', 'spicy', 'noodle', 'taste test', 'mukbang', 'hong kong', 'philippines', 'australian', 'Challenge', 'funny', 'Ghost Pepper', 'cook', 'hot sauce', 'korean', 'korean food', 'korean mukbang', 'reaction', 'aisan food', 'reaction video', 'chilli', 'chilli food', 'hot food', 'food vlogger', 'travel vlogger', 'Sony A6000', 'epidemic sound', 'spicy challenge', 'spicy ramen challenge', 'spicy noodles', 'korean fire noodle', 'samyang', 'React', 'SimonaVlogs', 'noodle mukbang', 'spicy mukbang', 'korean taste test', 'food review', 'funny mukbang']"
kVzzZse0P5Q,"['Puerto Princesa', 'Philippines', 'Seafood', 'Badjao', 'Seafront', 'Travel', 'Foodie', 'Asian Food']"
J-3Q78rX4SA,['filipino culture']
C-b3Rd3AzVU,"['jollibee review', 'foreigner jollibee', 'foreigner eating jollibee', 'bee suit', 'jollibee bee suit', 'jollibee mascot', 'beekeeping suit', 'best ever food review show', 'saigon jollibee', 'vietnam jollibee', 'jollibee secret menu']"
OVX0Xx5AtgE,"['travel couple', 'pierre t. lambert', 'pierretl', 'inspiredbytwelve', 'travel vlogger', 'travel around the world', 'philippines', 'bohol', 'surigao', 'filipino vlog', 'manilla', 'travel philippines', 'filipino travel', 'filipina', 'daniel', 'ferry', 'transport', '16 HOURS OF TRAVEL in the PHILIPPINES - Transport in the Philippines', 'youtube couple', 'the traveling clatt', 'food', 'street food', 'filipino street food', 'filipino vloggers', 'will', 'finn', 'transport philippines', 'how to get around the philippines']"
sWEms3altX0,"['best seafood restaurant in coron elnido puerto princesa palawan', 'what to eat in el nido 2018', 'best hotel in el nido coron', 'bars and night life in el nido', 'lostleblanc', 'foreigners eating filipino food', 'best beach in the philippines', 'palawan food tour 2018', 'el nido 2018 travel guide', 'tour a b c d el nido palawan', 'el nido island hopping 2018', 'coron island hopping 2018', 'best travel vlog channel', 'best philippines travel guide 2018', 'cadlao lagoon el nido', 'star beach el nido']"
S6tW0po5cd0,"['AHERN FAMILY', 'LIVING IN THE PHILIPPINES', 'SIMPLE LIFE IN THE PHILIPPINES', 'BANINAY BAUTISTA', 'MS ALEX GONZAGA', 'FAMILY VLOGGER PHILIPPINES', 'BOHOL', 'PHILIPPINES LIFE', 'FIL-AM LIFE', 'Becoming filipino', 'Is it safe in the philippines', 'foreigner in the philippines', 'visaya philippines', 'philippine living', 'the ace family', 'Lechon Pig Philippines', 'Daniel Marsh', 'TOP 10 PHILIPPINES (Your DREAM Destination)', 'how to cook cebu lechon', 'AMAZING BAMBOO FLOATING COTTAGES', 'kyle jennermann', 'anneclutzvlog']"
hOeIP12NCo0,"['+bushcraft', '+survival', '+preppers', '+primitive', 'skills', '+camping', '+woodcraft', '+outdoor', 'cooking', '+expat', '+philippines', '+Bohol', '+Cebu', '+Davao', '+Manila', '+Thailand', '+friction', 'fire', '+Filipino', '+Filipina', '+Asian', 'travel', '+blindowloutdoors', '+blindowl', 'outdoors', '+blind', 'owl', '+bowdrill', '+rick', 'mears', '+dave', 'canterbury', '+amazing', '+foreigner', '+family', '+friends', '+funny', '+fail', '+girls', '+best', '+2017', '+DIY', '+EDC', '+top', '10', '+Life', 'Hacks', '+traditional', '+Homesteading', '+balik', 'bayan', '+box', '+cooking', '+women', '+christmas', '+lights', '+accidents']"
YSUkkIwpjmE,"['Shanghai Lumpia', 'kids kusina', 'falafel', 'Filipino Food']"
Oysbhqo8_T0,"['cebu lechon', 'iskina cebu', 'manoy gusla', 'cebuano']"
A-lgZvD49F4,"['foreigner try kwek kwek', 'kwek kwek', 'turon', 'chicken balls', 'turon review', 'quiapo market', 'Calamari', 'filipino street food', 'philippines street food', 'Americans try filipino street food', 'veggie ball', 'manila food tour', 'Philippines food tour']"
wvRi-wcEDKc,"['filipina', 'philippines', 'tagalog', 'intro', 'introduction', 'new', 'food', 'cooking', 'life', 'jensfoodandlife', 'ziggy', 'oasis', 'sexy', 'beautiful', 'funny', 'serious', 'playful', 'joke', 'visa', 'fiance', 'fiancee', 'baby', 'happywife', 'pinoy', 'pinay', 'pinaybloger', 'filipinabeauty', 'happy', 'wife', 'bloger', 'vloger', 'pilipinas', 'play', 'outdoor', 'baseball', 'soccer', 'golf', 'peanut', 'butter', 'running', 'playing', 'son', 'mother', 'nanay', 'ina', 'asawa', 'pasyal', 'silly', 'zoo', 'ball', 'toys', 'gorgious', 'handsome', 'SUMAN']"
7PPoTqPyb5I,"['food guide in el nido palawan 2018', 'best seafood restaurant in coron elnido puerto princesa palawan', 'best falafel in el nido', 'what to eat in el nido 2018', 'best hotel in el nido coron', 'best accomodation in el nido', 'bars and night life in el nido', 'lostleblanc', 'el nido palawan 2018', 'best beach in the world', 'foreigners trying filipino snacks', 'foreigners eating filipino food', 'best beach in the philippines', 'filipino streetfood 2018', 'philippines streetfood tour', 'palawan food tour 2018']"
k7WKWS3-yjk,"['korea', 'seoul', 'abscbn', 'gma', 'onstreetstichdown', 'onstreet', 'stich', 'tagalog', 'philippines', 'pinoy', 'kopinoy', 'pinas', 'laughing', 'comment', 'recommendation', 'star', 'showbiz', 'mustana', 'stichchoi', 'duterte', 'message', 'manila', 'candidate', 'estrada', 'muntinlupa', 'gut', 'emotional', 'rant', 'facebook', 'fb', 'reacting', 'english', 'jihwan', 'pilipinasgottalent', 'angellocsin', 'locsin', 'problema', 'food', 'house', 'utilites', 'businesses', 'cost', 'expenses', 'isyu', 'mami', 'cooking', 'cook', 'chicken', 'firstkiss', 'q&a', 'story', 'storytelling', 'beef', 'noodles', 'sabaw', 'freetext']"
j-HGaYKpqU8,"['Japan', 'food', 'eric meal time', 'Tokyo', 'eating', 'epic', 'ericsurf6', 'meal', 'Eric', 'lamb', 'meat', 'mutton', 'Genghis Khan', 'BBQ', 'Hokkaido', 'Japanese', 'sheep', 'snack pack', 'get some', 'review', 'restaurant', 'steak', 'cooking', 'recipe']"
EseyT_oX1e4,['NEWS']
jP8XSz1ghSI,
BGxW5fNDRks,"['chicken balut', 'foreigner eats balut', 'penoy', 'foreigner tries penoy', 'balut', 'balut in philippines', 'Shumai', 'filipino shumai', 'termpura', 'filipino tempura', 'tempura philippines', 'dirty icecream', 'philippines street food', 'filipino street food', 'philippines food', 'best street food philippines', 'foreigner', 'white guy', 'white eat balut', 'foreigner eats chicken balut', 'cebu city', 'colon street', 'street food tour']"
_QnjOohsgVo,"['Balut', 'Duck', 'Egg', 'Duckegg', 'Raw', 'Rawfeeding', 'raw dog food', 'baby duck', 'raw egg', 'raw meat', 'dog food']"
MZdYFPoJ5Ro,"['Divertliving', 'travel', 'blog', 'daily', 'vlog', 'PHILIPPINES HIDDEN GEM 2018', 'CASARORO', 'DUMAGUETE', 'philippines', 'dumaguete philippines', 'INCREDIBLE HIDDEN WATERFALL', 'WATERFALL IN NEGROS ORIENTAL', 'MUST VISIT IN 2018', 'must visit in philippines', 'Casaroro waterfall', 'most famous waterfall', 'Apolong', 'Valencia', 'most picturesque', 'turquoise water', 'philippines beauty', 'best waterfall in philippines', 'philippines travel guide', 'dumaguete 2018', 'travel dumaguete', 'what to do in dumaguete', 'adventurous', 'jungle', 'tropical']"
acf116Wwws4,
otk3YrpRLoA,"['americans', 'philippines', 'filipino', 'pinoy', 'life']"
